name,nation,mayor,residents,public,open,world,x,y,z
A_,,Porkchopman123,13,1,1,earth,17728.3,63.0,13984.4
Acre,Denmark,YellowVictini,24,1,1,earth,3215.6,68.0,-14375.7
Adama,Ethiopia,Minecrafters232,2,1,1,earth,13503.5,56.0,6278.4
Africa,Congo,BorainX,17,1,1,earth,8664.0,45.0,10430.6
Agartha,Alaska,joshuah14782,18,1,0,earth,-49974.0,40.0,-16497.5
Ahousat,Canada,TOSd,2,1,1,earth,-45176.5,252.5,-11333.3
Air_France,France,HairiestBear,1,0,0,earth,1607.7,69.0,-10518.7
Akihabara,Japan,asyi,22,1,1,earth,50178.6,64.0,-5526.4
Aland,Nordic,Grenv,7,1,1,earth,4025.8,66.0,-16050.5
Albuquerque,Arizona,ByteSlayer,1,1,1,earth,-38294.6,88.0,-4920.5
Alcaudete,Spain,Majestic_rat,1,1,1,earth,-1393.4,140.0,-6032.4
Alexandria,Egypt,Twitchy,28,1,1,earth,10488.5,71.0,-3134.8
Almaden,Spain,exagonf,4,1,1,earth,-1787.6,71.0,-6707.1
Altura,Portugal,Cides_,1,1,0,earth,-2683.1,52.0,-5974.5
Andorra_La_Vella,Andorra,Shia_chan,3,1,0,earth,595.3,143.0,-8217.1
Angler,Chicagoland,p5st_,4,1,1,earth,-31236.5,43.0,-8100.5
Angoya,Angara,joey550,2,1,1,earth,39474.9,68.0,-14339.1
Anjou,France,karakan31,40,1,1,earth,-74.1,63.0,-10409.7
Aralia,Spain,TrainOfSkeleton,6,1,1,earth,-4631.5,60.0,-2189.2
Aram,Palestine,spacedOutReal,1,1,1,earth,13533.0,81.0,-4594.1
Art,Amazon,Chewiter,2,1,0,earth,-21800.1,30.0,3962.5
Asaita,Ostafrika,_mountains_,149,1,1,earth,14847.9,101.0,3872.0
Asakusa,Japan,T202312,27,1,1,earth,43040.5,67.9,-2837.5
Atlantic_Casino,Panama,AmSpyPlayz,20,1,1,earth,-28758.5,63.0,4707.6
AtlanticCity,Sweden,JGRNS,8,1,1,earth,7240.2,-13.0,-16167.8
Aui,,Bro_Duke,2,1,1,earth,56595.5,15.0,-14427.7
Aurelia,Tuscany,florg3,15,1,1,earth,3509.7,67.0,-4487.5
Backrooms,Japan,MamoMamo_XD,1,1,0,earth,45421.0,18.0,-6964.7
Bali,Lanfang,IniKatarina,15,1,1,earth,41314.4,87.0,10941.5
Banff,Canada,iRadioo,1,1,0,earth,-41651.8,82.0,-12288.9
Baoji,Tang,meng_yuyun,17,1,0,earth,38360.6,13.0,-4902.7
Batumi,Georgia,_tuttopassa_,18,1,1,earth,14910.5,85.0,-7486.4
Baylon,FE,ubesnotcuh,6,1,1,earth,52201.0,63.1,-23830.1
Bayside,Germany,Scarioh,1,1,0,earth,3942.6,196.0,-10388.2
Beacon,Acadia,MasterEWild,4,1,1,earth,-22842.6,66.0,-11435.6
Beh,Greenland,Ybrk,6,1,0,earth,-16553.3,76.0,-32071.5
Beira,Rhodesia,Wolhf,42,1,1,earth,12855.4,52.0,14840.4
Benidorm,Spain,StanTheMango,6,1,1,earth,-108.3,43.0,-6490.0
Berlin,Germany,thebestLung,149,1,1,earth,4837.8,63.0,-12753.8
Bijela_Glava,Yugoslavia,CanadiansFtw,1,1,0,earth,6580.9,54.0,-8616.1
Birdsville,Australia,Four1350,8,1,1,earth,51192.3,65.0,17542.6
Black_Belt,Nubia,CaptainOFCopper,15,1,1,earth,10441.0,83.0,11397.3
Blast,Baja,giantbananas,29,1,1,earth,-39463.5,64.0,-697.7
Blossom,Vinland,combfy,4,1,1,earth,-23273.3,80.0,-15681.0
Bordeaux,France,Oce_78,12,1,1,earth,-95.7,70.0,-9007.3
Boriken,Cuba,UrsTrulyMayi,21,1,1,earth,-24001.5,65.0,1400.1
Borneo,Sumatra,MalMeteor,10,1,1,earth,36261.3,91.0,7959.9
Bremen,Germany,TheLuffy123,13,1,1,earth,3382.6,63.0,-12945.6
Bromley_South,Lake_Victoria,PlaceReporter99,1,1,1,earth,11474.7,23.1,5149.4
Brookdale,Canada,gritherness,1,1,0,earth,-42600.4,63.0,-9806.3
Brotatoville,Australia,Ali_dinocraft,18,1,1,earth,51912.1,67.0,16362.6
Budapest,PLC,Miro_moo,56,1,1,earth,6737.1,63.0,-10424.2
Caagazu,Argentina,ohwow6425,1,1,0,earth,-20071.4,64.0,16821.6
Canakkale,Byzantium,AtillaKagan,27,1,1,earth,9937.4,60.0,-6883.6
Cape_Cod_North,America,HCBruno,2,1,1,earth,-25848.5,65.0,-8064.5
Capitol,Zion,ThePaleoGuy,5,1,1,earth,-36445.8,90.0,-7992.0
Capstick,Acadia,Deids,19,1,1,earth,-21720.1,56.0,-10089.4
CapyTown,Australia,ItsAstro7,2,1,0,earth,45273.5,-15.0,18850.4
Casino,PLC,DemonifyHD,1,1,0,earth,10150.6,63.0,-12510.7
Casper,Arabia,QuirkyTurtle258,1,1,1,earth,17580.2,69.0,-2049.7
Castile,Kingdom_Of_Spain,bat7959,2,1,0,earth,-1275.5,70.0,-8375.9
CDO,Philippines,InuYasha_Plays,60,1,1,earth,44805.0,64.0,4920.0
CedarKey,Florida,Mangrovicola,3,1,1,earth,-29773.8,66.0,-2801.7
Cefalu,Sicily,Padme1,7,1,0,earth,3060.7,-52.0,-6770.6
Champa,RioGrandeDoSul,ChromeIV,11,1,1,earth,-18819.2,75.1,20090.5
Chernobyl,PLC,vifterr,21,1,1,earth,10408.5,66.0,-12457.2
Chicago,Chicagoland,gray_space,128,1,1,earth,-31543.4,66.0,-8038.5
Chongming_Island,Ming,Leaf__H,12,1,1,earth,43579.7,71.0,-3722.6
Chongqing,China,yixiang0744524,33,1,1,earth,38215.5,188.0,-2830.5
Cienfuegos,Cuba,Archimedes_099,12,1,1,earth,-28855.6,64.0,-109.4
Cincinnati,America,JoeSheisty,6,1,1,earth,-30446.4,72.0,-6903.5
Clearwater,Zion,Wahwee_,6,1,1,earth,-41485.8,82.0,-9510.9
Cologne,Germany,TheRenownedRat,8,1,1,earth,3548.4,65.0,-12000.6
Corum,Georgia,KaptanDghn,3,1,0,earth,12519.5,76.0,-7448.4
Cotonia,Zion,Rensiziz,5,1,0,earth,-37075.1,79.0,-9672.0
Daejeon,Korea,Rubin808,2,1,0,earth,45671.9,71.0,-5399.6
Dagestann,Russian_Republic,Swighted_,1,1,0,earth,17879.7,65.0,-20182.6
Dakota,Canada,Stormchaser69,10,1,1,earth,-37178.4,74.0,-10776.0
Dallas,Texas,Derp0716,31,1,1,earth,-34578.8,67.0,-4277.9
Damascus_Empire,Palestine,MalekTheGoat1,10,1,1,earth,12952.3,77.0,-4360.1
Delft,Netherlands,DoritosJava,3,1,0,earth,2693.5,63.0,-12673.5
Derker,Anchorage,1TheRealBean1,3,1,0,earth,-50354.6,75.0,-17896.4
Dessie,Ethiopia,ForeverEllie510,77,1,1,earth,13836.1,89.0,4062.1
Domimp,Brazil,hxasaf,12,1,1,earth,-16312.2,76.9,11880.0
Dr-DondaWestWay,Nubia,DarkLordGeo,1,1,1,earth,5736.0,76.0,9895.9
Drottningstad,Sweden,NojusGindrenas_,4,1,0,earth,5673.7,64.0,-16148.5
Dune,Songhai,_FrostedMC,1,1,1,earth,-4289.6,77.0,-831.4
Dwarka,Narmada,CritOnly,3,1,1,earth,24810.1,-23.9,-63.9
East_Pipo,Cuba,SybanPlays700,13,1,1,earth,-28374.5,63.0,149.5
Easter_Island,,KurdiWarrior,3,1,1,earth,-39190.8,63.0,17978.1
Eclipse,Canada,MoonFox_2,8,1,1,earth,-45585.4,64.0,-11560.6
Elara,Sahul,0sku,1,1,0,earth,45390.7,87.0,9307.7
Emus,Georgia,localhost11,7,1,1,earth,17015.5,61.0,-7190.6
Endsville,,Xochipilli3669,3,1,0,earth,42956.9,75.0,16922.0
Esperantujo,Lanfang,Liminal8760,1,1,0,earth,35783.3,87.5,5707.4
EuroLeague,Siberia,FamousBuilder,3,1,0,earth,23444.1,71.0,-19970.1
Exalted,Papua_New_Guinea,Kanzeon,2,1,0,earth,55510.1,5.0,9853.4
Exp,Korea,ShinoChan,3,1,1,earth,47661.5,10.0,-10327.6
Fairbanks,Alaska,UghBraces,7,1,1,earth,-53325.5,67.0,-19104.5
Falmouth,America,TinckerBell,3,1,1,earth,-29951.4,66.9,-6101.6
Far_East,FE,StJohnOfPatmos,14,1,1,earth,52471.7,63.0,-20980.3
Felda,Anchorage,Galaxor5,10,1,1,earth,-57409.5,57.0,-20269.3
FemboyYaoiVille,Canada,Pancakedpig,2,1,1,earth,-26807.0,70.0,-13003.2
Fethiye,Sicily,28st,13,1,1,earth,10444.0,64.0,-5739.0
Fiche,Ethiopia,MythFlash2792,39,1,1,earth,13384.0,86.0,4407.9
Fih,Narmada,_Melix_,31,1,1,earth,28573.5,-24.0,3861.4
Flint,America,Oreo_Emperor,11,1,1,earth,-30011.3,67.0,-8443.4
Floro,Nordic,friedkale1,1,1,0,earth,1797.0,64.0,-17507.6
Forbidden_Forest,Japan,lightningsting1,1,1,0,earth,41514.1,63.0,-11233.2
Fort_Dewey,Zion,AMP3,2,1,1,earth,-35926.7,73.0,-9559.4
Fort_Wayne,America,Lambkill,53,1,1,earth,-30274.4,68.0,-7432.1
Fortress,Zion,DannyMcHenry,3,0,0,earth,-37978.2,104.0,-6039.6
Fougeres,France,ellimacD,12,1,1,earth,-540.9,66.0,-10733.7
Frankfurt,Germany,talimay,7,1,1,earth,3624.1,73.0,-10976.6
Frogs,Greenland,Uberstrase,3,1,0,earth,-15968.4,46.0,-28093.8
Frogville,Nubia,Lutaq28,5,1,0,earth,9871.9,78.0,10207.9
Frostshire,,TristanTT1506,1,1,1,earth,-34250.2,65.0,-27720.7
Furniture,Panama,SageWater408412,1,1,0,earth,-27432.0,63.0,2757.4
Gairloch,Scotland,XParkerson,7,1,0,earth,-1970.1,102.0,-15376.9
Galicia,Portugal,alphonso01,7,1,0,earth,-2608.4,68.0,-8608.5
Galveston,Texas,LizC864,14,1,1,earth,-33903.6,63.0,-2943.7
Gateway,Liao,ADC50,9,1,1,earth,31245.7,38.0,-13380.6
Geneva,Switzerland,fabixcx,100,1,1,earth,2265.4,80.0,-10056.6
Germany,Germany,GrayMold9,82,1,1,earth,3845.3,64.9,-13605.5
GG_Freaking_EZ,America,DoomsdayTbot,2,1,0,earth,-33883.8,68.0,-7300.0
Glungustopia,FE,glaggle2001,3,1,1,earth,54185.9,64.0,-16061.8
Gokurakucho,Sahul,3wetlandnumber,1,1,0,earth,48080.3,64.0,8845.4
Gold,Australia,Gautomy,20,1,1,earth,49461.6,65.0,21416.8
Gold_Coast,Australia,_milutom_,8,1,1,earth,55017.2,63.0,18376.3
Golden,,Wind2920,2,1,0,earth,-33907.5,65.0,-25660.2
GOSH,Siberia,FlashNova,2,1,0,earth,21032.0,-55.9,-16766.4
Gotland,PLC,Huxf,143,1,1,earth,6622.9,65.0,-15208.5
Gotlandia,PLC,zw1pex,1,1,1,earth,6711.5,32.0,-15012.3
Grand_Rapids,The_Prairies,YoshyFoods,10,1,1,earth,-35556.9,53.0,-13114.0
Green_Bay,America,FaucetFailureXXX,5,1,1,earth,-31516.1,67.0,-8963.3
Guangzhou,Ming,Rain_Leng,32,1,1,earth,40582.1,54.0,-440.5
Gulf,Florida,Susloth,1,1,1,earth,-28720.4,-8.0,-2070.6
Harare,Nubia,TroutMeat,2,0,0,earth,10079.4,85.0,12488.0
Havukruunu,Russia,Kuziemek,1,1,0,earth,11711.7,-5.0,-21175.8
Heads,PLC,RoseCidear,1,1,0,earth,7265.4,76.0,-13235.5
Hehe,Ethiopia,colhaydutu,1,1,0,earth,17093.0,1.0,6685.7
Hermosilla,Baja,Successful21,4,1,1,earth,-40192.3,66.0,-2782.3
HeYuan,Ming,C_A_Xi,1,1,0,earth,41251.3,64.0,-715.2
Hibernia,Pacific_Ocean,Ms_Rosie_Posie,1,1,0,earth,-52519.9,77.0,10988.1
Hispaniola,Florida,PurpleCurrents,20,1,1,earth,-25780.5,88.0,1240.0
Hitra,Norway,Pandaknight123,5,1,1,earth,3134.0,38.1,-18546.0
Hogwarts,Japan,ZupraMC,46,1,1,earth,41876.5,65.0,-11006.7
Hometown,The_Prairies,greenteasalsa,4,1,1,earth,-38456.7,-14.0,-11366.5
Honolulu,Hawaii,Toopg,13,1,1,earth,-56631.4,64.0,202.1
Hornell,New_York,Pabsts_,5,1,1,earth,-27910.5,155.0,-7830.3
Houghton,America,The_SkyWolf_Clan,4,1,0,earth,-31746.5,69.0,-10221.5
Iceland,Iceland,On1ty,17,1,1,earth,-6899.0,113.1,-19188.5
Idk,Iceland,Starborn,9,1,1,earth,-7402.0,206.0,-18700.7
Ikea,Yenisei,GamezzOverzz,5,1,1,earth,33440.3,79.0,-16568.5
Ilhabela,Brazil,shak2022,16,1,1,earth,-16241.5,83.0,16708.4
Itomori,Japan,Kiriyashiki,3,1,0,earth,49168.4,91.0,-5684.5
Izu,Japan,javalulu,10,1,1,earth,49802.3,66.0,-5071.5
Jackisslavcia,,JACKISCOOL2017,1,1,1,earth,-41891.3,72.0,-13993.4
Jacksonville,Florida,PickleNodean,23,1,1,earth,-29225.4,54.0,-3168.4
Jambi_Baru,Lanfang,SkelkoWeltens,2,1,0,earth,36703.3,247.0,9415.5
Jeju,Korea,Qorrin,55,1,1,earth,45456.4,66.0,-4371.5
Jersey,France,Ayskow,12,1,1,earth,-787.5,64.0,-11191.5
Jingmen,Ming,yangxingzhe,2,1,0,earth,40407.9,275.0,-3112.5
Juchitan,Mexico,NyCuba,1,1,0,earth,-34031.7,64.0,2037.8
Kaga,Bokkai,Beroumi,38,1,1,earth,46699.9,63.0,-8202.2
Kaikoura,NZ,Mammothzz,1,1,0,earth,61282.0,63.0,25258.2
Kaiserburg,Germany,KIDESPIAO,16,1,1,earth,3332.9,69.0,-11867.4
Kalisz,PLC,Seristic,9,1,1,earth,6383.0,63.0,-12559.8
Kamarina,Italy,Capuccino59,2,1,1,earth,5202.9,70.0,-5878.1
Kamloops,Canada,AkechiCrow,15,1,1,earth,-43560.5,68.0,-11748.5
Kanawha,Appalachia,duskerhu,2,1,1,earth,-29181.5,91.0,-6407.5
Kauai,Hawaii,VinceVanGogh,10,1,1,earth,-57154.0,67.0,-36.7
Kaurora,Narmada,LaggedLemon,5,1,1,earth,27365.0,63.0,-219.0
Keulen,Netherlands,DaantjeBoomer,7,1,1,earth,2601.2,68.0,-12075.6
Khulna,Narmada,AverageHuman767,4,1,1,earth,31889.5,10.0,-379.6
Kingdomstan,Liao,_Giant_Robot_,3,1,0,earth,34944.4,106.0,-5027.6
Kita,FE,nokteholda,5,1,1,earth,51181.4,91.0,-17745.3
Kochisar,Sicily,skeptyy_,6,1,1,earth,12030.0,79.0,-6777.5
Konotop,Ukraine,poiisonnf,2,1,0,earth,11710.8,65.0,-12154.2
Koslin,PLC,Lirsko,12,1,1,earth,5982.9,68.0,-13668.1
Kufa,Umayyad,WSZN,5,1,1,earth,16014.0,43.0,-3638.6
Kuwait,Arabia,AddaadaAdda,3,1,0,earth,17112.3,131.0,-2791.6
Kynograd,Soviet_Union,Hbum,8,1,1,earth,15410.4,65.0,-15164.9
Kythira,Byzantium,lehose_,6,1,1,earth,8237.5,65.0,-5572.5
La_Llanura,Argentina,Supernalsleet36,3,1,1,earth,-22705.3,65.0,20343.1
Lagonav_Island,Florida,NorthTrail,2,1,1,earth,-26343.6,-24.0,1134.5
Lake_Edelweiss,Australia,LadyEsquimalt,15,1,1,earth,41371.5,70.0,18509.0
LatinIslands,Amazon,SpyingBigfoot39,27,1,1,earth,-22264.5,63.0,4474.8
Leonora,Australia,Enki_Ptah,7,1,0,earth,43764.3,65.0,18722.7
Lhasa,Liao,minori2846,10,1,0,earth,33015.5,113.0,-3043.6
Limburg,Germany,XenonNetwork,1,1,1,earth,1173.7,65.0,-11982.2
Lizard_Point,Eire,LividLaker,3,1,0,earth,-1778.0,50.0,-11784.0
London,United_Kingdom,uhtred_of_bb,103,1,1,earth,7.4,67.0,-12251.3
Longgang,Tang,cynvo,9,1,0,earth,43204.4,74.9,-1999.5
Lottery,Sumatra,hungrybalong6,1,1,0,earth,36462.0,196.0,7572.0
Lucca,SPQR,RObby6996,15,1,1,earth,4715.5,73.0,-8645.6
Magnus_Bay,Scotland,iSerxue,3,1,1,earth,-331.9,63.0,-16899.5
Maji,Ethiopia,Eater_1,12,1,1,earth,12381.6,58.0,5664.0
Mall,Papua_New_Guinea,0Aura,1,1,1,earth,52661.5,-30.0,8751.5
Managua,Guatemala,figtrees12,5,1,1,earth,-30710.6,87.0,3441.0
Manaus,Brazil,MeansWarrior13,3,1,0,earth,-16177.4,75.0,15089.5
Map_Art_Town,Hawaii,fainsu,1,1,0,earth,-50982.8,69.0,952.0
Mapart,PLC,Aehmett,3,1,1,earth,7423.7,-18.0,-12927.5
Mapart_Canada,Canada,sobotriunghi,2,1,1,earth,-35936.9,75.0,-11102.3
Marbella,Spain,gawkr,9,1,1,earth,-1783.6,67.0,-5691.7
Mending,Aba,dobusta,2,1,1,earth,-9004.4,70.0,1817.5
Meow,Yucatan,Pandjammas,4,1,1,earth,-35490.8,-62.5,-806.8
Merchant,Germany,Skaless,105,1,1,earth,2941.1,63.5,-13192.9
Micoua,New_York,ka_tie,29,1,1,earth,-24581.5,70.0,-12296.6
Minya,Egypt,MalekMG,19,1,1,earth,11046.5,55.0,-2221.7
Monaco,France,Krimb,15,1,1,earth,2390.5,56.2,-8664.5
Money,Ethiopia,Troncatcomfy,1,1,0,earth,15711.5,63.0,4157.7
Montego_Bay,Florida,JanThePotato,2,1,0,earth,-27576.0,63.0,1512.0
Mordor,,iKotkau,5,1,0,earth,-8647.4,-25.0,4066.5
Moscow,Soviet_Union,rfbb1t,45,1,1,earth,13531.7,66.0,-14407.0
Moss_Jernverk,Nordic,Deacon_Heitor,1,1,1,earth,3831.2,63.0,-16297.1
Naruto,Ming,Imccc123,1,1,0,earth,41137.5,-25.0,-4571.6
Nattttion,Wales,SanrioRep,1,0,0,earth,-1080.9,71.0,-12610.9
Nazare,Portugal,RicordyYT,35,1,1,earth,-3176.5,50.0,-7063.5
Nazareth,Palestine,DMC111,11,1,1,earth,12663.0,62.9,-4096.6
Neiden,Finland,_carlosw,2,0,1,earth,10333.5,65.0,-21910.3
Nekopara,Australia,ItsFrizy,6,1,1,earth,41056.0,57.0,17680.0
Neptune,,Dan_Sher,6,1,1,earth,61954.5,265.0,-29677.2
Netherland,Germany,MikYoutube,15,1,1,earth,2853.6,66.0,-11706.4
New_Amazonia,Amazon,Luukert7,1,1,0,earth,-21488.6,63.0,6800.6
New_Atlanta,Georgia,Zgrift,12,1,1,earth,17328.0,68.0,-6939.0
New_Delhi,Narmada,wheelyUwU,1,1,0,earth,27703.7,66.0,-2550.7
New_Horizon,Finland,A_fox_in_a_hat,3,1,0,earth,8050.8,97.0,-22242.5
New_Plymouth,,NPC68,1,0,0,earth,62439.5,69.0,22755.9
New_Shibuya,Australia,xThursday,1,1,0,earth,53589.6,68.0,18943.4
Newark,Italy,murdah19,11,1,1,earth,2919.0,71.0,-5438.8
Newuk,,the_king_is_solo,1,1,0,earth,21242.6,97.0,-5336.7
Nexus,Siberia,Nick_233,2,1,1,earth,28701.7,63.0,-20408.0
Nigde,Sicily,pixeldddd,2,1,1,earth,12437.6,85.0,-6292.9
NIJIGASAKI,Kingdom_Of_Spain,FAMIELLIE,1,1,0,earth,1973.5,69.0,-4223.4
Nizhny_Novgorod,Soviet_Union,worldrevolution,3,1,0,earth,15762.3,63.5,-14574.5
Normalsville,Chicagoland,Fai10verflow,2,1,1,earth,-31261.2,64.0,-6397.4
Nowa_Slupia,PLC,salmonmaciek,1,1,1,earth,7406.2,80.0,-11535.4
Nullarbor_Oasis,Australia,NicolasYechuhi,5,1,0,earth,47954.6,75.0,16316.4
Ok,Iceland,AngelEclipse,1,1,1,earth,-7479.9,55.5,-19284.2
Orion,Congo,gangster1221,21,1,1,earth,8265.0,-16.0,11117.7
Orleans,SPQR,EthanTheParrot,4,1,1,earth,842.5,-8.0,-10641.4
Osasco,Pacific,MikW02,27,1,1,earth,-41672.2,82.0,-5232.8
Oslo,Nordic,macularisk,14,1,0,earth,3520.6,-13.0,-16574.5
Osogbo,Aba,TheNinjaMilkman,4,1,0,earth,3976.0,72.0,4428.1
Otuken,Byzantium,erennick,9,1,1,earth,10475.2,-11.0,-7025.6
Oulu,Finland,CommunistBean,10,1,1,earth,9066.6,65.0,-19322.5
Pacifica,Pacific,Vorticks,16,1,1,earth,-44391.6,65.0,-9786.4
Panorama,Cascadia,InKryption,5,1,1,earth,-41668.5,88.0,-11823.7
Paris,France,Pelle_Nomme,80,1,1,earth,755.6,70.0,-11072.3
Persici,Brazil,IGotsMyM0j0,5,1,0,earth,-17828.7,73.0,14931.1
Philadelphia,America,Mattbob153,42,1,1,earth,-26918.9,65.1,-7284.5
Pigeon_Island,Sahul,pigeolyn,9,0,0,earth,48791.8,63.0,8424.0
Piramida,,VeritasRatio,9,1,1,earth,35623.0,39.1,-28984.1
Plaza,Byzantium,jabiq2710,3,1,1,earth,11191.4,-25.0,-6864.3
Pogorzyce,Poland,saif098432,6,1,0,earth,6618.5,65.0,-11668.8
Poice,Norway,pocopy,1,1,0,earth,2407.5,68.0,-20504.3
Polska,PLC,whatmilo,12,1,1,earth,10733.9,65.0,-12521.8
Port_Fairy,Australia,Tr1st4n_06,14,1,1,earth,50955.5,36.0,22444.5
Port_Stanley,,Siegfried_A_Mord,1,1,0,earth,-20762.7,69.0,28375.4
Potion,Liao,RevDestiny,13,1,0,earth,35718.0,70.0,-5896.0
Progress,,NPC95,1,0,0,earth,41834.5,81.6,-12009.5
Pskov,Rus_Princip-ties,DamDam1_,2,1,1,earth,10165.8,63.0,-15387.2
Quaker_States,Baja,TheTrexian,1,1,1,earth,-40916.5,64.0,-2264.6
Quebec,Vinland,xiaoA233,6,1,0,earth,-27649.4,51.0,-16764.5
Ralsei,The_Prairies,KoopaShellzz,2,1,0,earth,-35062.5,-17.0,-12800.5
Rapture,Atlantic_Ocean,MortAmos,5,1,0,earth,-13312.5,-31.0,-7507.4
Redloom_Village,Canada,Wolves329613232,1,1,1,earth,-36026.6,70.0,-12590.0
Regina,The_Prairies,herondaisy,11,1,1,earth,-37672.3,76.0,-11352.5
Remilia,Nordic,aaaaauuuoiu,1,0,0,earth,5961.8,71.0,-19230.8
Reykjanes,Iceland,RubyFloatzel,1,1,0,earth,-7975.9,64.0,-18719.4
Rhodes_Island,Tang,ItzAmiya,10,1,1,earth,38630.9,74.5,-4721.5
Rodrigues,Madagascar,Breachinho,4,1,0,earth,22728.6,66.0,15162.5
Rome,Italy,Zyshia,19,0,1,earth,4794.4,41.0,-7840.4
Rote,,Leography,23,1,1,earth,44168.9,64.0,11839.8
Runasapi,Peru,NinthHouseCav,2,1,0,earth,-26601.9,62.0,9889.5
Sainte-Therese,Acadia,Fallen12_,9,1,1,earth,-25126.1,71.0,-10605.5
Salta,,Swightness,1,1,0,earth,55895.7,89.0,-11911.5
San_Diego,Pacific,JohnMinecraft_Jr,1,1,0,earth,-41757.1,72.9,-4015.2
Sand,Nubia,mobinyou,4,1,0,earth,5648.0,80.0,416.0
Sand_Excavation,Songhai,BastGame_,3,1,1,earth,1265.4,75.0,653.0
Santiago,Spain,C_Michael,10,1,1,earth,-2852.5,77.0,-8328.5
Sapporo,Hokkaido,f1oR4s,30,1,1,earth,50741.5,66.0,-8394.5
Saskatchewan,The_Prairies,ohheckhannah,9,1,1,earth,-38520.5,77.0,-11569.4
Saskatoon,Canada,Zoebun,15,1,1,earth,-38608.6,47.0,-11338.1
Savaii,Fiji,FinkySpandex,10,1,1,earth,-61841.4,87.9,12915.6
Sawice,PLC,SawikSAX,2,1,0,earth,8358.4,64.9,-12901.4
Sematary,PLC,Luskyy00,3,1,0,earth,7103.6,-31.0,-10307.7
Serdica,Byzantium,Ripherrr,23,1,1,earth,8162.8,75.0,-8231.4
Shambhala,Liao,Sakikochandesuwa,5,1,0,earth,32682.3,113.0,-3527.4
Shanghai,PRC,LAOLING__,24,1,1,earth,43657.5,9.0,-3450.6
Shire,NZ,Jvannnn,1,1,1,earth,60484.7,98.0,25091.5
Sighisoara,Romania,LandellCat,6,1,1,earth,8979.9,83.0,-9926.9
Silver,Amazon,SilverZinc,1,1,0,earth,-25339.6,35.0,9186.3
Sinop,Georgia,Berkofix,12,1,1,earth,12319.5,72.0,-7943.3
Sio,PLC,Druckluft01,1,1,0,earth,6095.0,-36.0,-10124.6
Skopje,Yugoslavia,accvir,10,1,1,earth,7655.6,80.0,-7772.4
Slasherz,Ethiopia,_FamzuMC_,1,1,0,earth,16247.1,74.0,5622.5
Smallwater_Bay,Kamchatka,Luckiestrex,8,1,1,earth,58486.4,56.0,-17456.8
Soderhamn,Sweden,SaintStrxy,10,1,1,earth,6135.2,63.0,-17922.4
Solura,Iceland,uptogrrrgrrrs,3,1,0,earth,-7633.0,65.0,-19111.5
Songpan,Tang,guozhaoliang,2,1,0,earth,37401.4,71.0,-3212.6
Sortavala,Russia,doytnr,23,1,1,earth,11072.5,66.0,-17590.4
South_Germany,Germany,Masterplan28,15,1,1,earth,3965.8,72.0,-10890.5
SpoookyHollow,,spoookynicole,4,1,1,earth,28716.5,71.0,-30392.4
St_Andrews,Scotland,AverageApple288,3,1,0,earth,-1050.3,64.0,-14664.5
Stake,America,axieyoel,3,1,0,earth,-35608.1,100.0,-5540.3
Stonehenge,Finland,Qelaaja,3,1,1,earth,9287.6,65.0,-19401.3
Store,Hokkaido,Olivio90,4,1,1,earth,51200.1,146.0,-8692.1
Stormhaven,New_York,melvinm04,32,1,1,earth,-24288.9,75.5,-12153.8
Sudbury,Canada,_Shadowthorn_,3,1,1,earth,-31039.3,-28.0,-13413.0
Summerville,Alaska,szn2,1,1,0,earth,-49362.3,90.0,-19133.6
Suzhou,Ming,mi_la,34,1,1,earth,43207.5,0.0,-3659.3
Sydney,Australia,OblivionAbyss17,18,1,1,earth,54197.4,47.0,20587.8
Sylhet,Narmada,PrincessYanxy,9,1,0,earth,32601.5,121.0,-1345.4
Tamil_Nadu,Sweden,Navigation2013,12,1,1,earth,6157.8,63.0,-16895.0
Tartus,Palestine,Arcticsharky,4,1,1,earth,12907.1,67.0,-5156.3
Tel-ZIZi,Palestine,Badmaxx,1,1,0,earth,12613.5,63.0,-3322.2
Temu,DPRK,coyduck,1,1,0,earth,45239.4,317.0,-6239.3
The_Border,,Venom_rich_sussy,1,1,1,earth,-64507.5,-25.0,-29235.5
The_Glass_City,America,Zeggsy,3,1,1,earth,-29880.7,66.0,-7847.5
The_Glen,Eire,Kenovo10,2,1,1,earth,-2948.9,67.0,-12587.0
Thornaby,Scotland,saooul,4,0,0,earth,-602.2,66.0,-13835.0
Ticino,Switzerland,nomad_swe,1,1,0,earth,3202.5,38.0,-9483.5
Tinfug,Spain,StoneHalo556,1,1,0,earth,-2409.1,89.0,-2599.3
Tirana,Sicily,_pufi,6,1,1,earth,7006.5,64.0,-7654.8
Todd,Acadia,TheDegenerateXD,3,1,0,earth,-22014.3,63.0,-10476.2
Torun,PLC,Xi_Huber_Jinping,16,1,1,earth,6917.3,67.0,-12877.4
Trade,Germany,littlefoxnation,14,1,1,earth,4068.6,63.0,-13335.5
Trial,Ethiopia,4Gamerbros,5,1,1,earth,13212.7,-7.0,6123.1
Trinidad,Amazon,PepperoniNipp,7,1,1,earth,-21992.6,64.0,4168.5
Trujillo,Peru,21eea,19,1,1,earth,-28988.4,64.0,9854.4
Tunceli,Palestine,Mete4,18,1,1,earth,13854.6,99.0,-6731.6
TurtleBeach,America,Turtleundercover,13,1,1,earth,-25095.9,63.0,-7863.7
Twin_Falls,Zion,atlanta0,12,1,1,earth,-41148.6,81.0,-8267.8
Umapyoi,Aba,rom_360,10,1,1,earth,-2945.2,70.0,5531.0
UniArte,Japan,3rdy,1,1,0,earth,50237.3,260.0,-6982.7
Ur,UAE,Sargon_of_Dees,2,1,1,earth,16941.0,64.0,-3343.9
US_Embassy,Mexico,Superman8646,1,1,0,earth,-35257.2,1.0,-1379.2
Vandalia,America,HDespite,6,1,0,earth,-31863.5,64.0,-6837.5
Vendetta,Tuscany,felixfan342,4,1,1,earth,3700.4,63.0,-4540.5
Venice,France,Erwinnn,38,1,1,earth,4321.0,63.0,-9441.0
Verity,,mining_skalps,1,1,0,earth,-63582.0,70.0,-31.3
Vietnam,Lanfang,dawnremiss,3,1,1,earth,38834.0,66.0,2323.0
Vinland_Casino,Vinland,FinfinJAC1,1,1,1,earth,-23118.5,70.1,-15652.6
WA,Australia,nahember,14,1,1,earth,41985.8,75.0,20296.0
Wagner,Soviet_Union,Erzziy,2,1,0,earth,14604.0,24.0,-14572.5
Water,,ImFedee,1,1,1,earth,-36658.3,63.0,29268.3
West_Berlin,Netherlands,Addychi01,21,1,1,earth,4201.5,63.5,-12695.9
Western_Canada,Canada,Vicky151,4,1,1,earth,-43848.0,71.0,-15811.0
Wilson,,kixra027,1,1,0,earth,-21503.8,75.0,28352.2
Wonsan,Korea,McSanityy,2,1,1,earth,45687.5,60.0,-6948.5
Xiantao,Ming,anlandore,1,1,0,earth,40479.5,-6.9,-3183.5
Xuchang,Ming,Ydrop3000,6,1,0,earth,40724.0,75.0,-4581.2
Yakutia,Sakha_Republic,Xavi22210,35,1,1,earth,46135.5,41.0,-17798.3
Yaroslavl,Soviet_Union,jotjotj0t,36,1,1,earth,14364.3,-26.0,-15448.3
Yi_Dian,Chunghua,JustRuler,5,1,1,earth,40485.4,64.5,-5098.6
Yingtianfu,Ming,earlgreyteabag,8,1,1,earth,42609.5,64.0,-4059.5
Yop,Amazon,ixenderous,1,1,0,earth,-19743.1,-60.5,7216.0
Yusha,Sakha_Republic,turkishboy1909,6,1,0,earth,45792.6,53.0,-18606.7
Zurich,Switzerland,AkselV,25,1,1,earth,3258.2,71.0,-10455.8
Zyr,,JoelTheBigMac,1,1,1,earth,35923.7,63.0,-23513.7
